title	duration_min
Black Mirror: Bandersnatch	312
Headspace: Unwind Your Mind	273
The School of Mischief	253
No Longer kids	237
Lock Your Girls In	233
Raya and Sakina	230
Once Upon a Time in America	229
Sangam	228
Lagaan	224
Jodhaa Akbar	214
Seven Souls in the Skull Castle: Season Moon Kagen	212
Kabhi Khushi Kabhie Gham	209
The Irishman	209
No Direction Home: Bob Dylan	208
The Gospel of Luke	205
Seven Souls in the Skull Castle: Season Moon Jogen	204
Fifty Year Old Teenager	204
What's Your Raashee?	203
The Lord of the Rings: The Return of the King	201
Doctor Zhivago	200
Elephants Dream 4 Hour	196
The Married Couples	195
Schindler's List	195
Saladin	194
Hum Aapke Hain Koun	193
Kabhi Alvida Naa Kehna	192
Maine Pyar Kiya	192
Wyatt Earp	191
Unbreakable Kimmy Schmidt: Kimmy vs. the Reverend	190
The Gospel of Matthew	190
Magnolia	189
Kal Ho Naa Ho	187
Pardes	187
Aurora	186
Seven Souls in the Skull Castle: Season Wind	185
Kuch Kuch Hota Hai	185
Dil Chahta Hai	185
Lakshya	185
Swades	185
Mutiny on the Bounty	185
King of Boys	182
Seven Souls in the Skull Castle: Season Bird	182
Banyuki	182
Seven Souls in the Skull Castle: Season Flower	181
Dances with Wolves	181
Fiddler on the Roof	181
Jis Desh Men Ganga Behti Hai	181
This Earth of Mankind	180
Blue Is the Warmest Color	180
Happy New Year	179
The Lord of the Rings: The Two Towers	179
Ram Teri Ganga Maili	178
Seven Souls in the Skull Castle 2011	177
Bye Bye London	177
Manu	177
Raja Hindustani	177
Taal	177
Together For Eternity	176
Super Deluxe	176
A Bridge Too Far	176
Dil Hai Tumhaara	176
Hum Saath-Saath Hain	176
Agneepath	174
Dil Dhadakne Do	174
My Fair Lady	173
Mann	173
Sayed the Servant	173
Kaalia	173
Sairat	173
Trimurti	173
Muqaddar ka Faisla	172
Saaho	172
Amar Akbar Anthony	172
Cloud Atlas	172
Andhaghaaram	171
Andhakaaram	171
Panipat - The Great Betrayal	171
Kabir Singh	171
Main Hoon Na	171
Namak Halaal	171
Yaadein	171
Duniya	170
Petta (Telugu Version)	170
Petta	170
Ho Mann Jahaan	170
Khalnayak	170
Don	169
Om Shanti Om	169
A Fortunate Man	168
Mohenjo Daro	168
The Hateful Eight	168
Asoka	168
Bobby	168
Shakti: The Power	168
Shiva	168
Gangs of New York	167
Jeans	166
Vivah	166
Chalte Chalte	166
Dil Se	166
Baahubali 2: The Conclusion (Malayalam Version)	166
Baahubali 2: The Conclusion (Tamil Version)	166
Barsaat	166
Once Upon a Time in the West	166
Kyaa Kool Hai Hum	165
Django Unchained	165
Dil	165
Duplicate	165
Baahubali 2: The Conclusion (Hindi Version)	165
Kyun! Ho Gaya Na	165
Natsamrat - Asa Nat Hone Nahi	165
Pukar	165
3 Idiots	164
Prem Ratan Dhan Payo	164
Chamatkar	164
Aarakshan	164
Fiza	163
Shikari	163
Mujrim	163
Professor	163
English Babu Desi Mem	163
American Honey	163
Ghayal	163
Jaan-E-Mann: Let's Fall in Love... Again	163
Love Ni Bhavai	163
Palm Trees in the Snow	163
The Sinking Of Van Der Wijck	163
Taare Zameen Par	162
Awara Paagal Deewana	162
Black Friday	162
Drishyam	162
Players	162
Angu Vaikuntapurathu (Malayalam)	162
Ala Vaikunthapurramuloo	162
Sarkar	162
Mersal	162
Raajneeti	162
Jaal	162
Manoranjan	162
Dum	162
Tukaram	162
Avvai Shanmughi	161
Apaharan	161
Friendship	161
Bogda	161
Dangal	161
Qila	161
Ghulam-E-Musthafa	161
No Entry	161
The Gospel of John	161
The Great Gambler	161
Andaz Apna Apna	160
Kannum Kannum Kollaiyadithaal	160
Yuva	160
Sohni Mahiwal	160
Baahubali: The Beginning (Malayalam Version)	160
One 2 Ka 4	160
Jagame Thandhiram	159
Sanju	159
Rang De Basanti	159
Phir Bhi Dil Hai Hindustani	159
Baahubali: The Beginning (Hindi Version)	159
Baahubali: The Beginning (Tamil Version)	159
2012	158
Les Misérables	158
There Will Be Blood	158
Chup Chup Ke	158
Fashion	158
Aiyaary	158
Singapore	158
Hamara Dil Aapke Paas Hai	158
Mujhse Shaadi Karogi	158
Punjab 1984	158
The Girl with the Dragon Tattoo	158
Zodiac	158
Ani... Dr. Kashinath Ghanekar	157
The Witness Who Didn't See Anything	157
Oh! Baby	157
Dhan Dhana Dhan Goal	157
Khushi	157
You Carry Me	157
The Guns of Navarone	156
The Legend of Bhagat Singh	156
Da 5 Bloods	156
A Sun	156
Luck by Chance	156
Thaandavam	156
Vettai	156
Celluloid Man	156
Deewangee	156
Hera Pheri	156
Boogie Nights	155
Soldier	155
Brothers	155
Teefa in Trouble	155
Jagga Jasoos	155
Race	155
Guru	155
Lorai: Play to Live	155
Mandi	155
The Physician	155
Cold Mountain	154
The Death of Mr. Lazarescu	154
Zindagi Na Milegi Dobara	154
GEN HOSHINO STADIUM TOUR “POP VIRUS”	154
Kalakalappu	154
Haider	154
Aashik Awara	154
Oh Darling Yeh Hai India	154
Dilwale	154
Jackie Brown	154
Pulp Fiction	154
Ramji Londonwaley	154
Superman Returns	154
Springsteen on Broadway	153
Pyar Ke Do Pal	153
Mubarakan	153
Lal Patthar	153
Rangoon	153
Aitraaz	153
Dabbe 6: The Return	153
Eeda	153
Inglourious Basterds	153
Lolita	153
Satte Pe Satta	153
Rencor tatuado	152
Manmadhudu 2	152
Prince	152
Sakhi	152
Star Wars: Episode VIII: The Last Jedi	152
Aelay	151
Citation	151
Aiyyaa	151
The Forest of Love	151
Khido Khundi	151
Ek Jaan Hain Hum	151
Kabhi Haan Kabhi Naa	151
Bhagam Bhag	151
Cahaya Dari Timur Beta Maluku	151
Daffedar	151
Encounter: The Killing	151
Haseena Maan Jaayegi	151
The Departed	151
Tikli and Laxmi Bomb	151
Yanda Kartavya Aahe	151
Kyo Kii... Main Jhuth Nahin Bolta	150
Ludo	150
Ajab Prem Ki Ghazab Kahani	150
Phir Hera Pheri	150
Raat Akeli Hai	150
Goyo: The Boy General	150
Husbands in Goa	150
Meghnadbodh Rohoshyo	150
Mugamoodi	150
Bhavesh Joshi Superhero	150
Secret Superstar	150
Hitler - A Career	150
Aadu 2	150
Avengers: Infinity War	150
Fakta Ladh Mhana	150
Lincoln	150
Satrangi Re	150
One	149
The Pianist	149
The Da Vinci Code	149
Welcome	149
The Last Days of American Crime	149
Living in Bondage: Breaking Free	149
Gumrah	149
Dear Zindagi	149
Oct-01	149
Balu Mahi	149
Bewafaa	149
Humko Deewana Kar Gaye	149
Kya Kehna	149
Playing for Time	149
Pyaar Ka Punchnama	149
Inception	148
Army of the Dead	148
Gangaajal	148
Into the Wild	148
The Endless Trench	148
The Perfect Picture: Ten Years Later	148
Thambi	148
Don 2	148
Taramani	148
7 Khoon Maaf	148
Aakhri Adaalat	148
Yaar Gaddar	148
Chaahat	148
Bhool Bhulaiyaa	148
Burning	148
Golmaal: Fun Unlimited	148
Kabali (Hindi Version)	148
Mi Shivajiraje Bhosale Boltoy	148
Shararat	148
Minsara Kanavu	147
Omo Ghetto: the Saga	147
Jaane Tu... Ya Jaane Na	147
World Famous Lover	147
Kurbaan	147
Naan Sigappu Manithan	147
Alibaba Aur 40 Chor	147
Bad Boys II	147
Lechmi	147
The Help	147
War Horse	147
Yamla Pagla Deewana 2	147
Dedh Ishqiya	146
Oh! Baby (Malayalam)	146
Oh! Baby (Tamil)	146
Shabd	146
Tim Minchin And The Heritage Orchestra Live	146
Faraar	146
ABCD 2	146
Satyagraha	146
Anjaan	146
PK	146
Udta Punjab	146
Chitty Chitty Bang Bang	146
Sex and the City 2	146
Tughlaq Durbar	145
Tughlaq Durbar (Telugu)	145
The Dirty Picture	145
Memoirs of a Geisha	145
Gold Statue	145
Uppena	145
Ghost Stories	145
Vanjagar Ulagam	145
Dil Vil Pyaar Vyaar	145
Kismat Konnection	145
Toilet: Ek Prem Katha	145
Judwaa 2	145
Casino Royale	145
For Greater Glory	145
GoodFellas	145
Lalbaug Parel: Zali Mumbai Sonyachi	145
Sardaarji 2	145
Sex and the City: The Movie	145
Varane Avashyamund	144
Gori Tere Pyaar Mein	144
Barfi!	144
22 July	144
Let It Fall: Los Angeles 1982-1992	144
Lucknow Central	144
22-Jul	144
Black Hawk Down	144
Ready	144
Anjaam	143
Department	143
Ujala	143
Ride or Die	143
The Fisherman's Diary	143
Red	143
Jab We Met	143
Psycho	143
Magnificent	143
The Sky Is Pink	143
Guna 369	143
Rudy Habibie	143
Heroine	143
2 States	143
Raees	143
Elaan	143
Howards End	143
The Perfect Dictatorship	143
1920	143
Babel	143
Laal Rang	143
Master	143
Singh Saab the Great	143
Clear and Present Danger	142
Once Upon a Time in Mumbai Dobaara!	142
Catch Me If You Can	142
Ajeeb Daastaans	142
Singham	142
Dostana	142
Care of Kancharapalem	142
Rolling Thunder Revue: A Bob Dylan Story by Martin Scorsese	142
Jatt James Bond	142
Jab Harry Met Sejal	142
Ram Jaane	142
A Flying Jatt	142
Soekarno	142
Seabiscuit	141
Madness in the Desert	141
Mandela: Long Walk to Freedom	141
Iyore	141
The King	141
Romeo Akbar Walter	141
Hikaru Utada Laughter in the Dark Tour 2018	141
Ek Khiladi Ek Haseena	141
Sigaram Thodu	141
Dushman	141
Naam Shabana	141
Bandie	141
Gie	141
Insan	141
Molly's Game	141
Rustom	141
Sat Sri Akal	141
The Pelican Brief	141
The Phantom of the Opera	141
Nneka The Pretty Serpent	140
Mobile Suit Gundam III: Encounters in Space	140
Sardar Ka Grandson	140
Mandela	140
Hunterrr	140
Lara and the Beat	140
Offering to the Storm	140
Love Aaj Kal	140
Talaash	140
Sur Sapata	140
Himmatwala	140
Illang: The Wolf Brigade	140
25 Kille	140
What the Jatt!!	140
Spyder	140
Steel Rain	140
Den of Thieves	140
Eat Pray Love	140
Issaq	140
Katha	140
Patiala House	140
Sardaar ji	140
The Age of Shadows	140
The Place Beyond the Pines	140
Wrong Side Raju	140
Takizawa Kabuki ZERO 2020 The Movie	139
Mobile Suit Gundam I	139
Get on Up	139
Animals on the Loose: A You vs. Wild Movie	139
Shutter Island	139
Angels & Demons	139
Free State of Jones	139
Saheb Biwi Aur Gangster Returns	139
The Devil All The Time	139
Boss	139
Thottappan	139
Rock On!!	139
The Drug King	139
Mundeyan Ton Bachke Rahin	139
Race 2	139
Mom	139
As Good as It Gets	139
I Am Not Madame Bovary	139
Kaabil	139
Operation Red Sea	139
Spider-Man 3	139
The Talented Mr. Ripley	139
Rurouni Kenshin: The Beginning	138
Major Grom: Plague Doctor	138
Silver Skates	138
Mystic River	138
Space Sweepers	138
PhotoCopy	138
Poshter Girl	138
Queen	138
Bheeshma	138
Kapoor & Sons	138
The Visit	138
HOMECOMING: A film by Beyoncé	138
Baahubali: The Beginning (English Version)	138
Haapus	138
Hans Zimmer: Live in Prague	138
K-19: The Widowmaker	138
Masoom	138
The Lives of Others	138
The Mask of Zorro	138
The Matrix Reloaded	138
The Natural	138
Rurouni Kenshin: The Final	137
The Master	137
Black	137
Nee Enge En Anbe	137
Uma Maheswara Ugra Roopasya	137
Special 26	137
Marriage Story	137
Qismat	137
Defiance	137
The Man Who Feels No Pain	137
Sur: The Melody of Life	137
High Society	137
Andhadhun	137
Monty Python Live (Mostly): One Down, Five to Go	137
Dev.D	137
Haani	137
Judge Singh LLB	137
Udaan	137
Rowdy Rathore	137
First They Killed My Father	137
Pandora	137
Beasts of No Nation	137
7 Din Mohabbat In	137
A Clockwork Orange	137
Coach Carter	137
Company	137
Gol Maal	137
Gosford Park	137
Irada Pakka	137
Karzzzz	137
Kill Bill: Vol. 2	137
Maine Pyaar Kyun Kiya	137
Papa the Great	137
Rosemary's Baby	137
Sadma	137
Socha Na Tha	137
Teen Patti	137
Y.M.I.: Yeh Mera India	137
Kucch To Hai	136
Kyaa Super Kool Hain Hum	136
Haseen Dillruba	136
RattleSnake - The Ahanna Story	136
The Outlaw Josey Wales	136
The Lovely Bones	136
Mucize	136
Miss India	136
The Hater	136
Pyaar Ka Punchnama 2	136
Destiny	136
Sincerely Yours, Dhaka	136
Mauli	136
The Tree of Blood	136
Baazaar	136
Muzaffarnagar Baaqi Hai	136
ABCD: Any Body Can Dance	136
Manje Bistre	136
Miracle	136
Road to Sangam	136
The Great Battle	136
The Matrix	136
The Rainmaker	136
Koi Aap Sa	135
Bombay	135
Chennai Express	135
A Family	135
Well Done Abba	135
Golmaal Returns	135
I'm Thinking of Ending Things	135
One by Two	135
Thackeray (Marathi)	135
Thackeray (Hindi)	135
X Large	135
Uncut Gems	135
Time to Hunt	135
Hasee Toh Phasee	135
Bypass Road	135
Fukrey	135
Game	135
Karthik Calling Karthik	135
Jindua	135
The Zoya Factor	135
Marriage Palace	135
Dabbe: The Possession	135
ROMA	135
Mumbai Meri Jaan	135
Freedom at Midnight	135
The House Next Door	135
Mudbound	135
Baadshaho	135
26 Years	135
Chadi Jawani Budhe Nu	135
Black Panther	135
Jora 10 Numbaria	135
Moor	135
One Day	135
Shaurya: It Takes Courage to Make Right... Right	135
Sling Blade	135
Solo: A Star Wars Story	135
Solo: A Star Wars Story (Spanish Version)	135
Suburra	135
Rain Man	134
The Conjuring 2	134
Snowden	134
Disco Dancer	134
Pek Yakında	134
Bangistan	134
Mahi NRI	134
Evvarikee Cheppoddu	134
Dorasaani	134
Muran	134
Paheli	134
FullMetal Alchemist	134
Salaakhen	134
Anwar	134
Ek Hasina Thi	134
For Colored Girls	134
Hostiles	134
Invictus	134
Jersey Boys	134
Madaari	134
Run	134
Trikal (Past, Present, Future)	134
Once Upon a Time in Mumbaai	133
O Kadhal Kanmani	133
The Best of Enemies	133
Mobile Suit Gundam II: Soldiers of Sorrow	133
Million Dollar Baby	133
Roohi	133
Ferrari Ki Sawaari	133
The Yin-Yang Master: Dream Of Eternity	133
The Next Three Days	133
Torbaaz	133
MANK	133
Raman Raghav 2.0	133
Aapla Manus	133
The Kissing Booth 2	133
The Last Bomb of the Second World War	133
Sillu Karuppatti	133
Thug Life	133
Malaal	133
Ee Nagaraniki Emaindi	133
Kaake Da Viyah	133
Dabbe 5: Zehr-i Cin	133
The Ballad of Buster Scruggs	133
Grandmaster	133
Tamasha	133
Nothing to Lose	133
Love Per Square Foot	133
Aata Pita	133
Across the Universe	133
Asura: The City of Madness	133
Brooklyn's Finest	133
Die Another Day	133
Everybody Knows	133
Executive Decision	133
John Carter	133
Judwaa	133
Kay Dyache Bola	133
Kuppivala	133
Plaire, aimer et courir vite	133
Sarvopari Palakkaran	133
Teshan	133
The Great Raid	133
Wrong No.	133
Mimi	132
I Am Sam	132
Miss Sloane	132
Night in Paradise	132
Lee Daniels' The Butler	132
The Prom	132
Forensic	132
R.K.Nagar	132
Bittersweet	132
Miracle in Cell No. 7	132
Motichoor Chaknachoor	132
Legend	132
Women of Mafia 2	132
The Highwaymen	132
Barcelona: A Love Untold	132
The Mistress	132
Neevevaro	132
Katti Batti	132
Theeya Velai Seyyanum Kumaru	132
Wake Up Sid	132
Billu	132
Khoon Khoon	132
Riphagen - The Untouchable	132
Chal Mere Bhai	132
Di Renjie zhi Sidatianwang	132
Gabriel and the Mountain	132
Jail	132
Jal	132
Janaan	132
Kaakan	132
Kis Kisko Pyaar Karoon	132
Mala Kahich Problem Nahi	132
Matichya Chuli	132
Maza Pati Karodpati	132
Story of an Egg	132
V for Vendetta	132
Yaara O Dildaara	132
The Twilight Saga: New Moon	131
99 Songs	131
99 Songs (Tamil)	131
99 Songs (Telugu)	131
Savages	131
C/O Kaadhal	131
Alexandria ... Why?	131
Malang	131
Humpty Sharma Ki Dulhania	131
Greater	131
Mallesham	131
Jhankaar Beats	131
Sarvam Thaala Mayam (Telugu Version)	131
Sarvam Thaala Mayam (Tamil Version)	131
Shonar Pahar	131
No One Killed Jessica	131
Raja Natwarlal	131
Welcome to Sajjanpur	131
Mr. Chandramouli	131
Soorma	131
Saadey CM Saab	131
Thank You	131
Sandy Wexler	131
Abhinetri	131
Bioscope	131
Caregiver	131
Lucky: No Time for Love	131
Mary Poppins Returns	131
Mud	131
National Treasure	131
Primal Fear	131
The Last Face	131
Thor: Ragnarok	131
Zed Plus	131
Space Cowboys	130
The Life of David Gale	130
The Soul	130
Bodyguard	130
The 12th Man	130
The Trial of the Chicago 7	130
The Blue Elephant 2	130
Anaamika	130
Kaagar	130
The Emigrant	130
The Land	130
Bhangra Paa Le	130
The Red Sea Diving Resort	130
A Silent Voice	130
The Unmarried Wife	130
A Second Chance	130
Yucatán	130
Blind Detective	130
Apostle	130
Tiger	130
Animal World	130
Pad Man	130
Namastey London	130
Bad Genius	130
CIA: Comrade in America	130
1898: Our Last Men in the Philippines	130
Pink	130
Shrek the Musical	130
City of God	130
Gemini	130
GoldenEye	130
Ishqedarriyaan	130
Miss Julie	130
Suckseed	130
The Mayor	130
Traffic Signal	130
USS Indianapolis: Men of Courage	130
Veerey Ki Wedding	130
Waar	130
What Lies Beneath	130
In the Line of Fire	129
The Game	129
BluffMaster!	129
Hawaizaada	129
Ishq Vishk	129
Manorama Six Feet Under	129
High & Low The Movie	129
Oh My God	129
An Egyptian Story	129
Action Replayy	129
Half Girlfriend	129
6 Underground	129
Mirage	129
Bucket List	129
Ghanchakkar	129
Paan Singh Tomar	129
Happy Go Lucky	129
Luv Shuv Tey Chicken Khurana	129
Main, Meri Patni Aur Woh	129
Phantom	129
In This Corner of the World	129
The Invisible Guardian	129
Azhar	129
Blaze	129
Chal Dhar Pakad	129
Chasing the Dragon	129
God of War	129
Mirzya	129
Raging Bull	129
Spotlight	129
The Matrix Revolutions	129
World Trade Center	129
Angamaly Diaries	128
EMI: Liya Hai To Chukana Padega	128
Truckbhar Swapna	128
Star Trek	128
The Interpreter	128
The Disciple	128
Pieces of a Woman	128
TE3N	128
Gabbar Is Back	128
Madras Café	128
Stardust	128
Wasp Network	128
One Day We'll Talk About Today	128
Made in China	128
Saawan	128
III Smoking Barrels	128
The Great Magician	128
Jo Pil-ho: The Dawning Rage	128
Seven Sundays	128
Starting Over Again	128
BuyBust	128
Jatts in Golmaal	128
Delhi 6	128
Kaminey	128
I Hate Luv Storys	128
Tum Milo Toh Sahi	128
Muramba	128
Poster Boys	128
​Goli Soda 2	128
Amy	128
Basic Instinct	128
Dhamaal	128
Holding the Man	128
Jupiter Ascending	128
Milk	128
Minnaminugu the FireFly	128
Queen of the Desert	128
Sherlock Holmes	128
Something's Gotta Give	128
The World Is Not Enough	128
True Grit	128
Je Suis Karl	127
C Kkompany	127
La diosa del asfalto	127
The Karate Kid	127
The Mirror Has Two Faces	127
State of Play	127
Among Family	127
The Zookeeper's Wife	127
Kilometers and Kilometers	127
The White Tiger	127
MOTHER	127
Real Steel	127
Dhh	127
Dharam Sankat Mein	127
Hugo	127
Baby Dolls	127
It Takes a Lunatic	127
Verses of Love 2	127
Stree	127
Everything About Her	127
The Love Affair	127
It Takes a Man and a Woman	127
Virsa	127
Echcharikkai	127
Tim Minchin: So F**king Rock	127
Happy as Lazzaro	127
Sat Shri Akaal England	127
Baaghi	127
Chillar Party	127
Highway	127
Tere Naal Love Ho Gaya	127
Shubh Aarambh	127
Mute	127
Belgica	127
Abby Sen	127
Aisa Yeh Jahaan	127
Ankur Arora Murder Case	127
Bilu Rakkhosh	127
Chupke Chupke	127
Cool Hand Luke	127
Donnie Brasco	127
Indiana Jones and the Last Crusade	127
Iqbal	127
Ocean's Eleven	127
Pitaah	127
Premachi Goshta	127
Single	127
Super Nani	127
Snowpiercer	126
Midnight Run	126
Dear Affy	126
Wild Dog	126
American Me	126
Hello Brother	126
Ginny Weds Sunny	126
The Old Guard	126
Shaitan	126
Krishna and His Leela	126
The Witch: Part 1 - The Subversion	126
Kaal	126
The Two Popes	126
Why Me?	126
Mehandi Circus	126
Gatao 2: Rise of the King	126
Suzzanna: Buried Alive	126
Verses of Love	126
Sei	126
Triple Frontier	126
Gaddar: the Traitor	126
Life in a ... Metro	126
Gun City	126
Dovlatov	126
Zindagi Kitni Haseen Hay	126
Hold the Dark	126
B.A. Pass 2	126
Bon Cop Bad Cop 2	126
5CM	126
Aajcha Divas Majha	126
Bangkok Traffic (Love) Story	126
Big Kill	126
Calendar Girls	126
Cappuccino	126
Chaar Sahibzaade	126
Her	126
Hombanna	126
Kuldip Patwal: I Didn't Do It!	126
P.S. I Love You	126
Philadelphia	126
Rangreza	126
Sarivar Sari	126
Saving Mr. Banks	126
The Cell	126
Sankofa	125
Thimmarusu	125
Valentine's Day	125
Air Force One	125
#Selfie	125
The Professor and the Madman	125
High & Low The Worst	125
Inkaar	125
Penalty	125
Article 15	125
Luka Chuppi	125
The Wandering Earth	125
Njan Prakashan	125
Finally Found Someone	125
Quién te cantará	125
Four Sisters and a Wedding	125
Habibie & Ainun	125
Pandigai	125
Taylor Swift reputation Stadium Tour	125
Tu Hai Mera Sunday	125
A Most Violent Year	125
Amar's Hands	125
Bawarchi	125
Cake	125
Casino Tycoon	125
John Day	125
Ocean's Twelve	125
Phobia 2	125
SGT. Will Gardner	125
Tees Maar Khan	125
The Prison	125
Thorne: Scaredy Cat	125
Thorne: Sleepyhead	125
Time Please	125
Ugly	125
Viswasapoorvam Mansoor	125
Jaws	124
Freedom Writers	124
Krishna Cottage	124
Kyaa Kool Hain Hum 3	124
SAS: Rise of the Black Swan	124
Tango Feroz	124
The Twilight Saga: Eclipse	124
Return of the Prodigal Son	124
The Sum of All Fears	124
Loving	124
Jingle Jangle: A Christmas Journey	124
The Forty-Year-Old Version	124
Enola Holmes	124
High & Low The Movie 2 / End of Sky	124
Romance Doll	124
Eurovision Song Contest: The Story of Fire Saga	124
The Dealer	124
Jada	124
Pinky Memsaab	124
15 August	124
Everyday I Love You	124
Bird Box	124
Power Paandi	124
Dhoondte Reh Jaoge	124
Private Life	124
Quincy	124
The Guernsey Literary and Potato Peel Pie Society	124
Fitoor	124
Parmanu: The Story of Pokhran	124
Milada	124
What Happened to Monday	124
15-Aug	124
3 Heroines	124
Clive Davis: The Soundtrack of Our Lives	124
Clouds of Sils Maria	124
Eh Janam Tumhare Lekhe	124
Fallen	124
Heartbreakers	124
Ideachi Kalpana	124
Khosla Ka Ghosla	124
Kia and Cosmos	124
Nibunan	124
Nymphomaniac: Volume II	124
Operation Mekong	124
Railroad Tigers	124
The Gathering	124
The Peacemaker	124
The Plan	124
The Score	124
Trumbo	124
Welcome 2 Karachi	124
XXx	124
Blood Red Sky	123
La ley de Herodes	123
Seven Pounds	123
G.O.R.A	123
Rush	123
Classmates Minus	123
Operation Finale	123
Little Big Women	123
Our Lady of San Juan, Four Centuries of Miracles	123
Finding ‘Ohana	123
Cut Throat City	123
First Love	123
Rebecca	123
The Outpost	123
Bombay Talkies	123
Tune in for Love	123
El Camino: A Breaking Bad Movie	123
90 ML	123
Svaha: The Sixth Finger	123
About Time	123
The Theory of Everything	123
Asees	123
Settai	123
The Resistance Banker	123
The Journey Is the Destination	123
Smoke & Mirrors	123
War Machine	123
Force 2	123
We Are Young. We Are Strong.	123
21	123
A Separation	123
Bhouri	123
Blow	123
Devrai	123
Indiana Jones and the Kingdom of the Crystal Skull	123
Julie & Julia	123
Stronger Than the World	123
Swami	123
The Congress	123
The Gospel of Mark	123
The Hundred-Foot Journey	123
The Imaginarium of Doctor Parnassus	123
The Shaukeens	123
Thithi	123
Training Day	122
Boomika	122
Boomika (Hindi)	122
Boomika (Malayalam)	122
Boomika (Telugu)	122
Twilight	122
Silver Linings Playbook	122
Nayattu	122
The Boys in the Band	122
All Day and a Night	122
By the Sea	122
The Silent War	122
Steve Jobs	122
Inhuman Kiss	122
Kahaani	122
The Edge of Democracy	122
Money Trap	122
El Potro: Unstoppable	122
A Twelve Year Night	122
A Beautiful Life	122
Aalorukkam	122
Outlaw King	122
The Other Side of the Wind	122
Naa Bangaaru Talli	122
Pooja Kiven Aa	122
Anthony Kaun Hai?	122
Maya Memsaab	122
Aşk Tesadüfleri Sever	122
Ahista Ahista	122
American Beauty	122
ATM	122
Bang Rajan 2	122
Barça Dreams	122
Hellboy	122
Instructions Not Included	122
Oasis: Supersonic	122
Ocean's Thirteen	122
Oru Vishsheshapetta Biryani Kissa	122
Rampant	122
Romeo Ranjha	122
Sanai Choughade	122
Shorgul	122
The Brave One	122
The Stanford Prison Experiment	122
Thong Dee Fun Khao	122
Chappie	121
Mystery Men	121
Tears of the Sun	121
The Piano	121
Underworld	121
Stargate	121
Things Heard & Seen	121
August: Osage County	121
Madam Chief Minister	121
Black or White	121
Black Rose	121
Unexpectedly Yours	121
Scarecrow	121
Chashme Baddoor	121
The Legacy of the Bones	121
The Killing of a Sacred Deer	121
Angel Has Fallen	121
93 Days	121
Shimla Mirchi	121
A Fall from Grace	121
Shot Caller	121
Girls und Panzer der Film	121
U Turn	121
Do Paise Ki Dhoop Chaar Aane Ki Baarish	121
My Ex & Whys	121
Surga Yang Tak Dirindukan	121
Odu Raja Odu	121
Chance Pe Dance	121
The Night Comes for Us	121
The Black Prince	121
Khoobsurat	121
Naughty Jatts	121
Guzaarish	121
Lust Stories	121
The Outsider	121
Icarus	121
Okja	121
3 Deewarein	121
Bazaar	121
Becoming Jane	121
Chashme Buddoor	121
Darra	121
Knowing	121
Le K Benzema	121
Morya	121
Rounders	121
Scream 2	121
Tezz	121
The Dark Side of Life: Mumbai City	121
The Dreamer	121
The Figurine (Araromire)	121
The Longest Yard	121
The Social Network	121
Urvi	121